Type;Folder;File;Error
Video;Byt - Rogoznica;20221101_211642.mp4;[WinError 2] The system cannot find the file specified
Video;Byt - Rogoznica;20230303_211842.mp4;[WinError 2] The system cannot find the file specified
Video;Byt - Rogoznica;20230303_211843.mp4;[WinError 2] The system cannot find the file specified
Video;Byt - Rogoznica;20230303_211845.mp4;[WinError 2] The system cannot find the file specified
Video;Byt - Rogoznica;20230303_211848.mp4;[WinError 2] The system cannot find the file specified
Video;Byt - Rogoznica;20230415_112500.mp4;[WinError 2] The system cannot find the file specified
Video;Byt - Rogoznica;20230518_211646.mp4;[WinError 2] The system cannot find the file specified
Video;Byt - Rogoznica;20230716_212303.mp4;[WinError 2] The system cannot find the file specified
Video;Byt - Rogoznica;20230716_212304.mp4;[WinError 2] The system cannot find the file specified
